<?xml version="1.0"?>
<doc>
    <assembly>
        <name>ExcelReader</name>
    </assembly>
    <members>
        <member name="F:ExcelReader.CellError.NULL">
            <summary>
            #NULL!
            </summary>
        </member>
        <member name="F:ExcelReader.CellError.DIV0">
            <summary>
            #DIV/0!
            </summary>
        </member>
        <member name="F:ExcelReader.CellError.VALUE">
            <summary>
            #VALUE!
            </summary>
        </member>
        <member name="F:ExcelReader.CellError.REF">
            <summary>
            #REF!
            </summary>
        </member>
        <member name="F:ExcelReader.CellError.NAME">
            <summary>
            #NAME?
            </summary>
        </member>
        <member name="F:ExcelReader.CellError.NUM">
            <summary>
            #NUM!
            </summary>
        </member>
        <member name="F:ExcelReader.CellError.NA">
            <summary>
            #N/A
            </summary>
        </member>
        <member name="F:ExcelReader.CellError.GETTING_DATA">
            <summary>
            #GETTING_DATA
            </summary>
        </member>
        <member name="T:ExcelReader.CellInfo">
            <summary>
            Only <see cref="P:ExcelReader.CellInfo.Row"/>, <see cref="P:ExcelReader.CellInfo.Column"/>, and <see cref="P:ExcelReader.CellInfo.Hidden"/> are must.
            Anything else is optional. null-value means not set.
            </summary>
        </member>
        <member name="P:ExcelReader.CellInfo.Hidden">
            <summary>
            If the row or column is hidden, this value will be true.
            </summary>
        </member>
        <member name="P:ExcelReader.CellInfo.Row">
            <summary>
            1-based row index.
            </summary>
        </member>
        <member name="P:ExcelReader.CellInfo.Column">
            <summary>
            1-based column index.
            </summary>
        </member>
        <member name="P:ExcelReader.CellInfo.Value">
            <summary>
            If this is null, the cell is not used, otherwise, *one and only one* property
            in it is non-null.
            </summary>
        </member>
        <member name="P:ExcelReader.CellInfo.Width">
            <summary>
            null means not customized.
            </summary>
        </member>
        <member name="P:ExcelReader.CellInfo.Height">
            <summary>
            null means not customized.
            </summary>
        </member>
        <member name="T:ExcelReader.ColorInfo">
            <summary>
            If you only needs a rgb color, take the <see cref="P:ExcelReader.ColorInfo.ARGB"/> property.
            But the value can also be null, which means not-set or default.
            </summary>
        </member>
        <member name="P:ExcelReader.ColorInfo.Debug">
            <summary>
            Not-null value means that something wrong with the parsing, so the
            <see cref="P:ExcelReader.ColorInfo.ARGB"/> is not valid, but you can probably treat it as default color.
            </summary>
        </member>
        <member name="P:ExcelReader.ColorInfo.ARGB">
            <summary>
            If you only needs one color, use this property, which can be either
            1) null meaning no value, or 2) "RRGGBB" or 3) "AARRGGBB"
            </summary>
        </member>
        <member name="P:ExcelReader.ColorInfo.PatternColor">
            <summary>
            If there is a texture pattern, here is the detail.
            </summary>
        </member>
        <member name="P:ExcelReader.ColorInfo.GradientColors">
            <summary>
            If it is a gradient color, it contains the stop-colors, if this property
            is not null, the <see cref="P:ExcelReader.ColorInfo.ARGB"/> is the color in the middle.
            </summary>
        </member>
        <member name="P:ExcelReader.FormatStringInfo.ID">
            <summary>
            The format id, which is always correctly extracted.
            </summary>
        </member>
        <member name="P:ExcelReader.FormatStringInfo.Expr">
            <summary>
            The actual format string used, can be null if we cannot find
            the expression in the excel file using the <see cref="P:ExcelReader.FormatStringInfo.ID"/>.
            </summary>
        </member>
        <member name="P:ExcelReader.FormatStringInfo.Debug">
            <summary>
            Not-null values means something wrong with the format string.
            For example, the <see cref="P:ExcelReader.FormatStringInfo.Expr"/> is null or invalid.
            </summary>
        </member>
        <member name="P:ExcelReader.FormulaInfo.Debug">
            <summary>
            Not-null means something wrong with the formula. In this case,
            if other values are not null, they are correctly extracted.
            </summary>
        </member>
        <member name="P:ExcelReader.FormulaInfo.Expr">
            <summary>
            Stored formula value, which can be null in case it is
            follower in a shared formula group.
            </summary>
        </member>
        <member name="P:ExcelReader.FormulaInfo.Ref">
            <summary>
            Indicate the range of formula that applies. For example, you have
            "=A1+2" in [B1], than you drag [B1] down to [B5], then [B2] has
            "=A2+2", and the Ref = "B2:B5", and Type = "shared", and a group id.
            But for [b3] to [b5], you only have the Type = "shared", the same
            group id, and nothing else. NOTE: if you only drag [B1] down to [B2],
            [B2] will be a regular formula with Type = null, and Index = null.
            </summary>
        </member>
        <member name="P:ExcelReader.FormulaInfo.Index">
            <summary>
            Formula group id. For formulas in the same group, there 
            is one master formula who holds the actual expr. The others
            are followers who only have the same id.
            </summary>
        </member>
        <member name="P:ExcelReader.FormulaInfo.Type">
            <summary>
            According to spec, the value can be null (aka "normal"), "array", 
            "dataTable:dt2D={dt2D},dtr={dtr},r1={r1},r2={r2}", and "shared". 
            Note that we currently do not understand type dataTable, but we
            but its parameters into the type string.
            </summary>
        </member>
        <member name="P:ExcelReader.MergedCellInfo.Range">
            <summary>
            Something either like "A1" or "A1:B2"
            </summary>
        </member>
        <member name="P:ExcelReader.PatternColorInfo.Type">
            <summary>
            Value defined in the spec, something like "gray125". which defines
            the patten texture of the pattern.
            </summary>
        </member>
        <member name="P:ExcelReader.PatternColorInfo.Color">
            <summary>
            The color used to draw the texture. Only the ARGB value is useful.
            </summary>
        </member>
        <member name="P:ExcelReader.TableInfo.Range">
            <summary>
            Something like "A1:B3", it covers the column header rows.
            </summary>
        </member>
        <member name="P:ExcelReader.TableInfo.HeaderRowCount">
            <summary>
            Usually it is 1, and 0 means headers are hided.
            </summary>
        </member>
        <member name="P:ExcelReader.TableInfo.ColumnCount">
            <summary>
            This should match <see cref="P:ExcelReader.TableInfo.Range"/>. But not sure and need to confirm.
            </summary>
        </member>
        <member name="P:ExcelReader.TableInfo.ColumnNames">
            <summary>
            This should match <see cref="P:ExcelReader.TableInfo.ColumnCount"/>, but need to confirm.
            </summary>
        </member>
        <member name="P:ExcelReader.TableInfo.Debug">
            <summary>
            Not-null value means that there is a table entry, but properties are not valid.
            So check this value first.
            </summary>
        </member>
        <member name="T:ExcelReader.ValueInfo">
            <summary>
            *One and only one* property is non-null.
            </summary>
        </member>
        <member name="P:ExcelReader.WorkbookInfo.Disability">
            <summary>
            Indicates problems encountered during the parsing. 
            So you may not want to use this workbook info if there are values here.
            </summary>
        </member>
        <member name="P:ExcelReader.WorkbookInfo.Information">
            <summary>
            Indicates any minor issues detected during the parsing. For example,
            if a color is set to "auto", we do not know the actual value, so we leave
            it empty. Usually we can process the extracted workbook as a normal one.
            But if you do not want to take the risk, feel free to ignore this workbook.
            </summary>
        </member>
        <member name="P:ExcelReader.WorkbookInfo.Uri">
            <summary>
            Usually stores the file name to id the workbook.
            </summary>
        </member>
        <member name="P:ExcelReader.WorkbookInfo.IsBinaryFormat">
            <summary>
            Indicates whethere the workbook is binary format, some format/style details are not
            correctly extracted. So you may not want to use this workbook in this case.
            </summary>
        </member>
        <member name="T:ExcelDataReader.Core.NumberFormat.NumberFormatString">
            <summary>
            Parse ECMA-376 number format strings from Excel and other spreadsheet softwares.
            </summary>
        </member>
        <member name="M:ExcelDataReader.Core.NumberFormat.NumberFormatString.#ctor(System.String)">
            <summary>
            Initializes a new instance of the <see cref="T:ExcelDataReader.Core.NumberFormat.NumberFormatString"/> class.
            </summary>
            <param name="formatString">The number format string.</param>
        </member>
        <member name="P:ExcelDataReader.Core.NumberFormat.NumberFormatString.IsValid">
            <summary>
            Gets a value indicating whether the number format string is valid.
            </summary>
        </member>
        <member name="P:ExcelDataReader.Core.NumberFormat.NumberFormatString.FormatString">
            <summary>
            Gets the number format string.
            </summary>
        </member>
        <member name="P:ExcelDataReader.Core.NumberFormat.NumberFormatString.IsDateTimeFormat">
            <summary>
            Gets a value indicating whether the format represents a DateTime
            </summary>
        </member>
        <member name="P:ExcelDataReader.Core.NumberFormat.NumberFormatString.IsTimeSpanFormat">
            <summary>
            Gets a value indicating whether the format represents a TimeSpan
            </summary>
        </member>
        <member name="M:ExcelDataReader.Core.NumberFormat.Parser.ParseNumberTokens(System.Collections.Generic.List{System.String},System.Int32,System.Collections.Generic.List{System.String}@,System.Boolean@,System.Collections.Generic.List{System.String}@)">
            <summary>
            Parses as many placeholders and literals needed to format a number with optional decimals. 
            Returns number of tokens parsed, or 0 if the tokens didn't form a number.
            </summary>
        </member>
        <member name="M:ExcelDataReader.Core.OpenXmlFormat.BinaryFormat.BiffReader.Dispose(System.Boolean)">
            <inheritdoc />
        </member>
        <member name="M:ExcelDataReader.Core.OpenXmlFormat.RecordReader.Dispose">
            <inheritdoc />
        </member>
        <member name="T:ExcelDataReader.Core.OpenXmlFormat.XlsxSST">
            <summary>
            Shared string table
            </summary>
        </member>
        <member name="M:ExcelDataReader.Core.OpenXmlFormat.XmlFormat.XmlRecordReader.Dispose(System.Boolean)">
            <inheritdoc />
        </member>
        <member name="M:ExcelDataReader.Core.OpenXmlFormat.ZipWorker.#ctor(System.IO.Stream)">
            <summary>
            Initializes a new instance of the <see cref="T:ExcelDataReader.Core.OpenXmlFormat.ZipWorker"/> class. 
            </summary>
            <param name="fileStream">The zip file stream.</param>
        </member>
        <member name="M:ExcelDataReader.Core.OpenXmlFormat.ZipWorker.GetSharedStringsReader">
            <summary>
            Gets the shared strings reader.
            </summary>
        </member>
        <member name="M:ExcelDataReader.Core.OpenXmlFormat.ZipWorker.GetStylesReader(System.Collections.Generic.IList{ExcelReader.ThemeColorInfo})">
            <summary>
            Gets the styles reader.
            </summary>
        </member>
        <member name="M:ExcelDataReader.Core.OpenXmlFormat.ZipWorker.GetWorkbookReader">
            <summary>
            Gets the workbook reader.
            </summary>
        </member>
        <member name="M:ExcelDataReader.Core.OpenXmlFormat.ZipWorker.GetWorkbookRelsStream">
            <summary>
            Gets the workbook rels stream.
            </summary>
            <returns>The rels stream.</returns>
        </member>
        <member name="P:ExcelDataReader.Core.Cell.ColumnIndex">
            <summary>
            Gets the zero-based column index.
            </summary>
        </member>
        <member name="P:ExcelDataReader.Core.Cell.EffectiveStyle">
            <summary>
            Gets the effective style on the cell. The effective style is determined from
            the Cell XF, with optional overrides from a Cell Style XF.
            </summary>
        </member>
        <member name="T:ExcelDataReader.Core.CommonWorkbook">
            <summary>
            Common handling of extended formats (XF) and mappings between file-based and global number format indices.
            </summary>
        </member>
        <member name="P:ExcelDataReader.Core.CommonWorkbook.NumberFormats">
            <summary>
            Gets the dictionary of global number format strings. Always includes the built-in formats at their
            corresponding indices and any additional formats specified in the workbook file.
            </summary>
        </member>
        <member name="P:ExcelDataReader.Core.CommonWorkbook.ExtendedFormats">
            <summary>
            Gets the Cell XFs
            </summary>
        </member>
        <member name="M:ExcelDataReader.Core.CommonWorkbook.AddNumberFormat(System.Int32,System.String)">
            <summary>
            Registers a number format string in the workbook's Formats dictionary.
            </summary>
        </member>
        <member name="T:ExcelDataReader.Core.Helpers">
            <summary>
            Helpers class
            </summary>
        </member>
        <member name="M:ExcelDataReader.Core.Helpers.IsSingleByteEncoding(System.Text.Encoding)">
            <summary>
            Determines whether the encoding is single byte or not.
            </summary>
            <param name="encoding">The encoding.</param>
            <returns>
                <see langword="true"/> if the specified encoding is single byte; otherwise, <see langword="false"/>.
            </returns>
        </member>
        <member name="M:ExcelDataReader.Core.Helpers.AdjustOADateTime(System.Double,System.Boolean)">
            <summary>
            Convert a double from Excel to an OA DateTime double. 
            The returned value is normalized to the '1900' date mode and adjusted for the 1900 leap year bug.
            </summary>
        </member>
        <member name="T:ExcelDataReader.Core.IWorkbook`1">
            <summary>
            The common workbook interface between the binary and OpenXml formats
            </summary>
            <typeparam name="TWorksheet">A type implementing IWorksheet</typeparam>
        </member>
        <member name="T:ExcelDataReader.Core.IWorksheet">
            <summary>
            The common worksheet interface between the binary and OpenXml formats
            </summary>
        </member>
        <member name="M:ExcelDataReader.Core.ReferenceHelper.ParseReference(System.String,System.Int32@,System.Int32@)">
            <summary>
            Logic for the Excel dimensions. Ex: A15
            </summary>
            <param name="value">The value.</param>
            <param name="column">The column, 1-based.</param>
            <param name="row">The row, 1-based.</param>
        </member>
        <member name="P:ExcelDataReader.Core.Row.RowIndex">
            <summary>
            Gets the zero-based row index.
            </summary>
        </member>
        <member name="P:ExcelDataReader.Core.Row.Height">
            <summary>
            Gets the height of this row in points. Zero if hidden or collapsed.
            </summary>
        </member>
        <member name="P:ExcelDataReader.Core.Row.Cells">
            <summary>
            Gets the cells in this row.
            </summary>
        </member>
        <member name="T:ExcelDataReader.CellRange">
            <summary>
            A range for cells using 0 index positions. 
            </summary>
        </member>
        <member name="P:ExcelDataReader.CellRange.FromColumn">
            <summary>
            Gets the column the range starts in
            </summary>
        </member>
        <member name="P:ExcelDataReader.CellRange.FromRow">
            <summary>
            Gets the row the range starts in
            </summary>
        </member>
        <member name="P:ExcelDataReader.CellRange.ToColumn">
            <summary>
            Gets the column the range ends in
            </summary>
        </member>
        <member name="P:ExcelDataReader.CellRange.ToRow">
            <summary>
            Gets the row the range ends in
            </summary>
        </member>
        <member name="M:ExcelDataReader.CellRange.ToString">
            <inheritsdoc/>
        </member>
        <member name="T:ExcelDataReader.ExcelDataReader`2">
            <summary>
            A generic implementation of the IExcelDataReader interface using IWorkbook/IWorksheet to enumerate data.
            </summary>
            <typeparam name="TWorkbook">A type implementing IWorkbook</typeparam>
            <typeparam name="TWorksheet">A type implementing IWorksheet</typeparam>
        </member>
        <member name="M:ExcelDataReader.ExcelDataReader`2.GetSchemaTable">
            <inheritdoc />
        </member>
        <member name="M:ExcelDataReader.ExcelDataReader`2.Reset">
            <inheritdoc />
        </member>
        <member name="T:ExcelDataReader.HeaderFooter">
            <summary>
            Header and footer text. 
            </summary>
        </member>
        <member name="P:ExcelDataReader.HeaderFooter.HasDifferentFirst">
            <summary>
            Gets a value indicating whether the header and footer are different on the first page. 
            </summary>
        </member>
        <member name="P:ExcelDataReader.HeaderFooter.HasDifferentOddEven">
            <summary>
            Gets a value indicating whether the header and footer are different on odd and even pages.
            </summary>
        </member>
        <member name="P:ExcelDataReader.HeaderFooter.FirstHeader">
            <summary>
            Gets the header used for the first page if <see cref="P:ExcelDataReader.HeaderFooter.HasDifferentFirst"/> is <see langword="true"/>.
            </summary>
        </member>
        <member name="P:ExcelDataReader.HeaderFooter.FirstFooter">
            <summary>
            Gets the footer used for the first page if <see cref="P:ExcelDataReader.HeaderFooter.HasDifferentFirst"/> is <see langword="true"/>.
            </summary>
        </member>
        <member name="P:ExcelDataReader.HeaderFooter.OddHeader">
            <summary>
            Gets the header used for odd pages -or- all pages if <see cref="P:ExcelDataReader.HeaderFooter.HasDifferentOddEven"/> is <see langword="false"/>. 
            </summary>
        </member>
        <member name="P:ExcelDataReader.HeaderFooter.OddFooter">
            <summary>
            Gets the footer used for odd pages -or- all pages if <see cref="P:ExcelDataReader.HeaderFooter.HasDifferentOddEven"/> is <see langword="false"/>. 
            </summary>
        </member>
        <member name="P:ExcelDataReader.HeaderFooter.EvenHeader">
            <summary>
            Gets the header used for even pages if <see cref="P:ExcelDataReader.HeaderFooter.HasDifferentOddEven"/> is <see langword="true"/>. 
            </summary>
        </member>
        <member name="P:ExcelDataReader.HeaderFooter.EvenFooter">
            <summary>
            Gets the footer used for even pages if <see cref="P:ExcelDataReader.HeaderFooter.HasDifferentOddEven"/> is <see langword="true"/>. 
            </summary>
        </member>
    </members>
</doc>
